<?xml version="1.0" encoding="UTF-8"?>
<!DOCTYPE suite SYSTEM "http://testng.org/testng-1.0.dtd">

<suite name="Suite">
  <test name="Test" parallel="true">
    <classes>
    	<class name="com.thed.zephyr.bvt.ZAPIBvt"/>
    	<class name="com.thed.zephyr.bvt.AttachmentApi"/>
      	<class name="com.thed.zephyr.bvt.ZQLApis"/>
     	<class name="com.thed.zephyr.bvt.ZqlfilterApiBvt"/>
     	<class name="com.thed.zephyr.bvt.StepResultApiBvts"/>
     	<class name="com.thed.zephyr.bvt.GetCharts"/>
     	<class name="com.thed.zephyr.bvt.GetReports"/>
    </classes>
  </test> <!-- Test -->
</suite> <!-- Suite -->
