<?xml version="1.0" encoding="UTF-8"?>
<!DOCTYPE suite SYSTEM "http://testng.org/testng-1.0.dtd">
<suite name="Suite" thread-count="5" verbose="5" parallel="tests">
    <test name="Filter" parallel="tests" thread-count="5">
        <classes>
        <class name="com.thed.zephyr.regression.zqlFilter.GetFilters"/>
     	<class name="com.thed.zephyr.regression.zqlFilter.GetZQLFilter"/>
     	<class name="com.thed.zephyr.regression.zqlFilter.DeleteZQLFilter"/>
     	<class name="com.thed.zephyr.regression.zqlFilter.SaveZQLFilter"/>
     	<class name="com.thed.zephyr.regression.zqlFilter.CopyFilter"/>
     	<class name="com.thed.zephyr.regression.zqlFilter.UpdateFilter"/> 
        </classes>
    </test>
     <test name="TestSteps" parallel="tests" thread-count="5">
        <classes>
        <class name="com.thed.zephyr.regression.teststep.CloneTeststepApi"/>
     	<class name="com.thed.zephyr.regression.teststep.CreateTeststepApi"/>
     	<class name="com.thed.zephyr.regression.teststep.DeleteTeststepApi"/>
     	<class name="com.thed.zephyr.regression.teststep.GetMultipleTestSteps"/>
     	<class name="com.thed.zephyr.regression.teststep.GetTestStepApi"/>
     	<class name="com.thed.zephyr.regression.teststep.GetTestStepStatuses"/>
     	<class name="com.thed.zephyr.regression.teststep.MoveTeststepApi"/>
        <class name="com.thed.zephyr.regression.teststep.UpdateTeststepApi"/>
        </classes>
    </test>
    <test name="Executions" parallel="tests" thread-count="5">
        <classes>
           <class name="com.thed.zephyr.regression.execution.GetExecutionStatuses"/>
     	<class name="com.thed.zephyr.regression.execution.GetExecutionsApi"/>
     	<class name="com.thed.zephyr.regression.execution.CreateExecutionApi"/>
     	<class name="com.thed.zephyr.regression.execution.DeleteExecutionApi"/>
        <class name="com.thed.zephyr.regression.execution.UpdateExecutionApi"/>
        <class name="com.thed.zephyr.regression.execution.GetExecutionsByCycleApi"/>
        <class name="com.thed.zephyr.regression.execution.AssignBulkExecutions"/>
         <class name="com.thed.zephyr.regression.execution.AddTestsToCycleIndividually"/>
         <class name="com.thed.zephyr.regression.execution.ExportExecutionsApi"/>
         <class name="com.thed.zephyr.regression.execution.AddTestsToCycleByJQL"/>
         <class name="com.thed.zephyr.regression.execution.AddTestsToCycleFromCycle"/>
         <class name="com.thed.zephyr.regression.execution.AddTestsToCycleIndividually"/>
        </classes>
    </test>
    <test name="Cycle" parallel="tests" thread-count="5">
        <classes>
          <class name="com.thed.zephyr.regression.cycle.CreateCycleApi"/>
     	<class name="com.thed.zephyr.regression.cycle.GetCycleApi"/>
     	<class name="com.thed.zephyr.regression.cycle.GetCyclesApi"/>
     	<class name="com.thed.zephyr.regression.cycle.UpdateCycleApi"/>
     	<class name="com.thed.zephyr.regression.cycle.DeleteCycleApi"/>
     	<class name="com.thed.zephyr.regression.cycle.CloneCycleApi"/>
     	<class name="com.thed.zephyr.regression.cycle.MoveCycleAPI"/>
     	<class name="com.thed.zephyr.regression.cycle.MoveCycleAPI"/>
     	<class name="com.thed.zephyr.regression.cycle.ExportCycleAPi"/> 
     	<!-- <class name="com.thed.zephyr.regression.cycle.MoveExecutionsByCycle"/> 
     	<class name="com.thed.zephyr.regression.cycle.CopyExecutionsToCycle"/> -->
        </classes>
    </test> 
</suite>