<?xml version="1.0" encoding="UTF-8"?>
<executions>
    
        <execution>
            <executionId>5d40ac1f-550e-412f-8426-f975f1034f63</executionId>
            <cycleName>Cycle for export</cycleName>
            <folderName></folderName>
            <issueKey>API-167</issueKey>
            <testSummary>test 1603973265861</testSummary>
            <project>api</project>
            <versions>versionFiveId</versions>
            <components></components>
            <priority>Low</priority>
            <executedBy></executedBy>
            <executedOn> 10-29-2020 17:38:52</executedOn>
            <executedStatus>PASS</executedStatus>
            <executionDefects></executionDefects>
            <creationDate>10-29-2020 17:38:49</creationDate>
            <assignedTo></assignedTo>
            <customFields></customFields>
            <workFlowStatus></workFlowStatus>
            <plannedExecutionTime></plannedExecutionTime>
            
        </execution>
    
</executions>