<project xmlns="http://maven.apache.org/POM/4.0.0" xmlns:xsi="http://www.w3.org/2001/XMLSchema-instance"
	xsi:schemaLocation="http://maven.apache.org/POM/4.0.0 http://maven.apache.org/xsd/maven-4.0.0.xsd">
	<modelVersion>4.0.0</modelVersion>

	<groupId>com.fsw.test</groupId>
	<artifactId>FSWAUTOMATION</artifactId>
	<version>0.0.1-SNAPSHOT</version>
	<packaging>jar</packaging>

	<name>FSWAUTOMATION</name>
	<url>http://maven.apache.org</url>

	<properties>

		<aspectj.version>1.8.10</aspectj.version>
		<project.build.sourceEncoding>UTF-8</project.build.sourceEncoding>
	</properties>


	<build>
		<plugins>
			<plugin>
				<groupId>org.apache.maven.plugins</groupId>
				<artifactId>maven-surefire-plugin</artifactId>
				<version>2.20.1</version>
				<configuration>
					<suiteXmlFiles>
						<suiteXmlFile>${testNgXML}</suiteXmlFile>
					</suiteXmlFiles>

					<systemPropertyVariables>
						<Browser>${BROWSER}</Browser>
						<FSWURL>${SERVERIP}</FSWURL>
						<Server_Date>${SERVER_DATE}</Server_Date>
						<Password>${PASSWORD}</Password>
						<Server_Name>${SERVERNAME}</Server_Name>
						<WebToolsURL>${SERVERIP}</WebToolsURL>
						<WTUserName>${WTUSERNAME}</WTUserName>
						<COLOR>${COLOUR}</COLOR>
						<BonjourServiceName>${BonjourServiceName}</BonjourServiceName>
						<ProductName>${PRODUCTNAME}</ProductName>
					</systemPropertyVariables>
					<testFailureIgnore>true</testFailureIgnore>
					<argLine>
						-javaagent:${settings.localRepository}/org/aspectj/aspectjweaver/${aspectj.version}/aspectjweaver-${aspectj.version}.jar
					</argLine>
				</configuration>
			</plugin>
		</plugins>
	</build>


	<!-- <reporting> <excludeDefaults>true</excludeDefaults> <plugins> <plugin> 
		<groupId>ru.yandex.qatools.allure</groupId> <artifactId>allure-maven-plugin</artifactId> 
		<version>2.5</version> </plugin> </plugins> </reporting> -->

	<dependencies>

		<dependency>
			<groupId>ru.yandex.qatools.allure</groupId>
			<artifactId>allure-testng-adaptor</artifactId>
			<version>1.5.4</version>
		</dependency>

		<dependency>
			<groupId>org.hamcrest</groupId>
			<artifactId>hamcrest-all</artifactId>
			<version>1.3</version>
			<scope>test</scope>
		</dependency>
		<dependency>
			<groupId>org.apache.httpcomponents</groupId>
			<artifactId>httpclient</artifactId>
			<version>4.5</version>
		</dependency>
		
		<dependency>
			<groupId>com.googlecode.json-simple</groupId>
			<artifactId>json-simple</artifactId>
			<version>1.1.1</version>
		</dependency>
		<dependency>
			<groupId>org.json</groupId>
			<artifactId>json</artifactId>
			<version>20171018</version>
		</dependency>
		<dependency>
			<groupId>org.apache.httpcomponents</groupId>
			<artifactId>httpmime</artifactId>
			<version>4.2.4</version>
		</dependency>
		<!-- https://mvnrepository.com/artifact/org.seleniumhq.selenium/selenium-remote-driver -->
		<!-- <dependency>
			<groupId>org.seleniumhq.selenium</groupId>
			<artifactId>selenium-remote-driver</artifactId>
			<version>2.44.0</version>
		</dependency>
 -->
		<dependency>
			<groupId>com.jayway.restassured</groupId>
			<artifactId>rest-assured</artifactId>
			<version>2.4.1</version>
			<scope>test</scope>
		</dependency>
		<dependency>
			<groupId>org.slf4j</groupId>
			<artifactId>slf4j-simple</artifactId>
			<version>1.7.21</version>
			<scope>test</scope>
		</dependency>

		<dependency>
			<groupId>org.testng</groupId>
			<artifactId>testng</artifactId>
			<version>6.8.21</version>
		</dependency>

		<dependency>
			<groupId>io.qameta.allure</groupId>
			<artifactId>allure-testng</artifactId>
			<version>2.0-BETA14</version>
			<scope>test</scope>
		</dependency>

		<dependency>
			<groupId>org.seleniumhq.selenium</groupId>
			<artifactId>selenium-java</artifactId>
			<version>3.4.0</version>
		</dependency>
	<dependency>
			<groupId>org.seleniumhq.selenium</groupId>
			<artifactId>selenium-remote-driver</artifactId>
			<version>3.4.0</version>
		</dependency>

	</dependencies>
</project>